Ward,Searches,Searches which got estimate,Searches for Quotes,Searches which got Quotes,Bookings,Completed Trips,Search-to-estimate Rate,Estimate-to-search for quotes Rate,Quote Acceptance Rate,Quote-to-booking Rate,Cancelled Bookings,Booking Cancellation Rate,Conversion Rate,Drivers' Earnings,Average Distance per Trip (km),Average Fare per Trip,Distance Travelled (km)
"Other Wards","30,71,626","27,12,391","18,90,877","9,75,708","9,54,414","5,89,585","88.3%","69.7%","51.6%","97.8%","3,64,609","38.2%","19.2%","₹12,00,07,713","10.37","₹175.04","71,90,364"
"Shantala Nagar","24,01,161","23,84,599","20,67,653","8,56,568","8,41,607","4,74,271","99.3%","86.7%","41.4%","98.3%","3,67,010","43.6%","19.8%","₹7,11,77,412","7.48","₹138.74","38,63,534"
"Doddakanahalli","17,27,250","17,11,471","14,56,511","5,96,480","5,87,089","3,50,792","99.1%","85.1%","40.9%","98.4%","2,36,139","40.2%","20.3%","₹5,92,11,778","9.02","₹159.54","33,54,728"
"Agara","12,26,026","12,14,797","10,43,176","5,20,539","5,08,562","3,36,728","99.1%","85.9%","49.9%","97.7%","1,71,714","33.8%","27.5%","₹4,75,68,017","7.63","₹137.67","26,33,026"
"Koramangala","11,69,452","11,58,300","9,94,218","5,28,008","5,15,062","3,34,904","99.1%","85.8%","53.1%","97.5%","1,80,001","34.9%","28.6%","₹4,45,96,808","6.97","₹128.74","24,37,405"
"Adugodi","11,91,234","11,82,173","10,05,962","5,36,543","5,22,711","3,13,312","99.2%","85.1%","53.3%","97.4%","2,09,053","40.0%","26.3%","₹4,38,90,701","7.02","₹131.45","23,38,615"
"Suddagunte Palya","13,20,628","13,08,932","11,26,624","5,42,706","5,30,825","2,96,399","99.1%","86.1%","48.2%","97.8%","2,34,284","44.1%","22.4%","₹3,94,11,590","7.11","₹129.98","21,74,999"
"Vasanth Nagar","9,62,005","9,55,421","7,95,373","4,23,856","4,16,058","2,62,534","99.3%","83.2%","53.3%","98.2%","1,53,393","36.9%","27.3%","₹3,59,20,222","7.40","₹132.98","20,32,705"
"Bellanduru","13,65,703","13,54,563","11,76,030","4,47,575","4,40,185","2,57,849","99.2%","86.8%","38.1%","98.3%","1,82,240","41.4%","18.9%","₹4,46,94,374","9.17","₹160.63","25,50,817"
"Hoysala Nagar","7,03,222","6,98,197","5,86,782","3,31,654","3,26,166","2,17,110","99.3%","84.0%","56.5%","98.3%","1,08,961","33.4%","30.9%","₹2,78,98,914","6.37","₹119.80","15,04,039"
"Byrasandra","6,24,214","6,18,914","5,00,722","3,14,383","3,08,615","2,08,058","99.2%","80.9%","62.8%","98.2%","1,00,479","32.6%","33.3%","₹2,47,00,142","6.28","₹113.20","13,72,034"
"Old Thippasandra","6,33,865","6,28,921","5,41,589","3,15,579","3,10,219","2,03,512","99.2%","86.1%","58.3%","98.3%","1,06,602","34.4%","32.1%","₹2,77,16,600","7.01","₹129.86","14,93,473"
"Marathahalli","11,29,332","11,20,935","9,42,426","3,75,796","3,69,706","2,02,837","99.3%","84.1%","39.9%","98.4%","1,66,767","45.1%","18.0%","₹3,57,48,713","9.01","₹160.03","20,11,710"
"Domlur","7,03,108","6,98,041","6,02,252","3,13,868","3,08,639","2,01,305","99.3%","86.3%","52.1%","98.3%","1,07,215","34.7%","28.6%","₹2,80,37,082","7.06","₹130.78","15,07,904"
"HRBR Layout","4,95,908","4,93,395","3,99,052","2,84,677","2,80,474","1,94,414","99.5%","80.9%","71.3%","98.5%","85,982","30.7%","39.2%","₹2,46,94,375","6.66","₹120.75","13,65,275"
"Sampangiram Nagar","9,18,287","9,11,485","7,63,612","3,61,001","3,55,542","1,88,850","99.3%","83.8%","47.3%","98.5%","1,66,584","46.9%","20.6%","₹2,80,29,607","7.69","₹137.83","15,92,800"
"Madivala","7,51,268","7,42,961","6,21,190","3,22,177","3,15,216","1,87,691","98.9%","83.6%","51.9%","97.8%","1,27,466","40.4%","25.0%","₹2,34,98,153","6.69","₹123.51","12,83,390"
"Gandhinagar","5,83,453","5,77,642","4,09,590","2,98,294","2,92,759","1,83,335","99.0%","70.9%","72.8%","98.1%","1,09,334","37.4%","31.4%","₹2,78,00,422","8.46","₹153.09","15,74,607"
"Aramane Nagara","5,46,489","5,42,221","4,16,957","2,85,980","2,79,386","1,80,884","99.2%","76.9%","68.6%","97.7%","98,438","35.2%","33.1%","₹2,49,79,189","7.22","₹128.38","14,25,382"
"Jakkuru","6,29,076","6,24,824","4,85,812","2,97,748","2,91,553","1,79,670","99.3%","77.8%","61.3%","97.9%","1,11,831","38.4%","28.6%","₹2,99,13,410","8.89","₹154.35","17,43,306"
"Vinayakanagar","5,64,655","5,59,717","4,61,557","2,80,715","2,75,406","1,73,474","99.1%","82.5%","60.8%","98.1%","1,01,845","37.0%","30.7%","₹2,32,02,000","7.48","₹133.85","12,92,724"
"J P Nagar","5,26,581","5,22,247","4,23,506","2,72,513","2,66,903","1,72,802","99.2%","81.1%","64.3%","97.9%","93,999","35.2%","32.8%","₹2,14,53,148","6.45","₹116.66","11,86,151"
"Whitefield","8,38,663","8,31,606","6,84,364","2,86,103","2,81,317","1,70,977","99.2%","82.3%","41.8%","98.3%","1,10,293","39.2%","20.4%","₹2,92,80,129","8.52","₹151.14","16,79,399"
"Munnekollala","9,93,367","9,83,688","8,31,207","3,02,856","2,97,146","1,66,505","99.0%","84.5%","36.4%","98.1%","1,30,590","44.0%","16.8%","₹2,95,76,393","9.04","₹159.13","16,87,327"
"Ejipura","5,95,161","5,89,132","4,96,076","2,73,619","2,68,768","1,63,779","99.0%","84.2%","55.2%","98.2%","1,04,902","39.0%","27.5%","₹2,10,92,572","6.47","₹122.29","11,48,191"
"Jeevanbhima Nagar","6,58,033","6,52,625","5,63,304","2,69,919","2,64,220","1,60,433","99.2%","86.3%","47.9%","97.9%","1,03,743","39.3%","24.4%","₹2,43,69,066","8.39","₹149.77","13,67,391"
"Kempapura","4,67,690","4,64,839","3,60,926","2,40,038","2,35,067","1,50,852","99.4%","77.6%","66.5%","97.9%","84,173","35.8%","32.3%","₹2,28,86,452","8.28","₹145.63","13,22,285"
"HSR - Singasandra","6,33,334","6,27,352","5,20,343","2,55,679","2,50,108","1,45,339","99.1%","82.9%","49.1%","97.8%","1,04,704","41.9%","22.9%","₹2,14,87,915","7.91","₹141.29","12,09,859"
"Shakambari Nagar","4,04,779","4,01,530","3,10,798","2,15,522","2,11,098","1,43,850","99.2%","77.4%","69.3%","97.9%","67,203","31.8%","35.5%","₹1,68,47,054","6.29","₹114.15","9,35,402"
"New Thippasandra","5,14,162","5,09,398","4,30,195","2,16,416","2,12,511","1,41,334","99.1%","84.5%","50.3%","98.2%","71,126","33.5%","27.5%","₹2,03,34,402","7.57","₹135.66","11,38,133"
"Hudi","6,24,101","6,19,409","5,05,072","2,41,433","2,37,996","1,39,066","99.3%","81.5%","47.8%","98.6%","98,878","41.5%","22.3%","₹2,40,67,402","8.59","₹152.37","13,76,861"
"Ulsoor","5,91,305","5,86,928","5,09,987","2,34,286","2,31,034","1,37,688","99.3%","86.9%","45.9%","98.6%","93,291","40.4%","23.3%","₹1,94,96,628","7.28","₹132.34","10,87,433"
"Horamavu","4,74,215","4,71,298","3,73,096","2,17,363","2,13,193","1,34,402","99.4%","79.2%","58.3%","98.1%","78,766","37.0%","28.3%","₹2,14,19,228","8.54","₹149.94","12,43,702"
"C V Raman Nagar","5,53,745","5,49,626","4,43,121","2,23,614","2,20,398","1,33,108","99.3%","80.6%","50.5%","98.6%","87,237","39.6%","24.0%","₹1,89,27,535","7.35","₹132.29","10,61,714"
"BTM Layout","5,92,216","5,86,375","4,86,876","2,31,084","2,25,865","1,31,673","99.0%","83.0%","47.5%","97.7%","94,148","41.7%","22.2%","₹1,71,59,245","6.85","₹126.39","9,44,612"
"AECS Layout","6,76,398","6,71,200","5,54,146","2,25,651","2,22,152","1,31,372","99.2%","82.6%","40.7%","98.4%","90,735","40.8%","19.4%","₹2,16,64,546","7.79","₹141.87","12,21,715"
"Banasavadi","3,99,496","3,96,889","3,20,276","1,96,872","1,93,129","1,29,571","99.4%","80.7%","61.5%","98.1%","63,520","32.9%","32.4%","₹1,81,19,313","7.33","₹131.58","10,27,738"
"Hennur","4,15,505","4,12,861","3,18,728","2,06,331","2,02,957","1,29,335","99.4%","77.2%","64.7%","98.4%","73,580","36.3%","31.1%","₹1,80,50,307","7.26","₹130.63","10,26,125"
"N S Palya","4,67,723","4,62,917","3,82,404","2,02,109","1,97,602","1,28,229","99.0%","82.6%","52.8%","97.8%","69,328","35.1%","27.4%","₹1,68,04,588","7.29","₹131.77","9,32,215"
"Dodda Nekkundi","6,07,388","6,02,318","4,96,200","2,14,444","2,10,757","1,27,586","99.2%","82.4%","43.2%","98.3%","83,119","39.4%","21.0%","₹2,15,82,457","8.44","₹148.42","12,35,186"
"Jnana Bharathi","3,19,314","3,16,723","2,27,074","1,86,083","1,82,666","1,25,721","99.2%","71.7%","82.0%","98.2%","56,904","31.1%","39.4%","₹1,63,82,506","7.13","₹124.87","9,47,899"
"Sarakki","3,40,594","3,37,939","2,69,400","1,93,160","1,88,967","1,25,071","99.2%","79.7%","71.7%","97.8%","63,821","33.8%","36.7%","₹1,49,15,086","6.07","₹111.14","8,13,727"
"Subramanyapura","3,55,850","3,52,874","2,69,420","1,86,568","1,82,249","1,24,196","99.2%","76.4%","69.3%","97.7%","58,020","31.8%","34.9%","₹1,72,48,916","7.97","₹139.95","9,98,378"
"Pulikeshinagar","3,72,621","3,70,303","3,05,602","1,86,689","1,84,193","1,22,558","99.4%","82.5%","61.1%","98.7%","61,553","33.4%","32.9%","₹1,46,06,750","5.85","₹110.85","7,95,966"
"Kalkere","4,74,310","4,71,110","3,80,594","1,95,394","1,92,404","1,21,528","99.3%","80.8%","51.3%","98.5%","70,832","36.8%","25.6%","₹1,97,39,152","8.75","₹154.38","11,34,101"
"Ibluru","5,29,396","5,24,454","4,51,357","1,96,173","1,92,428","1,20,717","99.1%","86.1%","43.5%","98.1%","71,676","37.3%","22.8%","₹1,87,02,426","8.26","₹146.46","10,52,691"
"Kalena Agrahara","4,70,987","4,65,367","3,74,447","1,89,087","1,85,254","1,20,613","98.8%","80.5%","50.5%","98.0%","64,607","34.9%","25.6%","₹2,05,90,403","9.98","₹172.89","11,98,826"
"Vishveshwara Puram","3,87,229","3,84,832","2,94,439","1,90,086","1,86,643","1,20,170","99.4%","76.5%","64.6%","98.2%","66,426","35.6%","31.0%","₹1,41,85,350","6.65","₹120.04","7,95,860"
"Rajarajeshwari Nagar","2,97,997","2,95,464","2,08,838","1,74,366","1,70,354","1,19,567","99.2%","70.7%","83.5%","97.7%","50,761","29.8%","40.1%","₹1,73,02,405","7.97","₹137.66","10,13,757"
"Hulimavu","3,99,563","3,95,970","3,17,072","1,86,245","1,82,318","1,19,094","99.1%","80.1%","58.7%","97.9%","63,188","34.7%","29.8%","₹1,72,54,752","7.91","₹141.18","9,79,150"
"Mahadevapura","5,19,993","5,16,186","4,22,924","1,97,874","1,95,067","1,16,959","99.3%","81.9%","46.8%","98.6%","78,061","40.0%","22.5%","₹1,80,52,185","7.57","₹137.16","10,18,123"
"Belathur","4,73,171","4,68,835","3,59,181","1,89,652","1,86,679","1,15,788","99.1%","76.6%","52.8%","98.4%","70,818","37.9%","24.5%","₹1,97,51,448","8.71","₹153.60","11,38,460"
"Rupenaagrahara","4,68,424","4,64,133","3,86,058","1,95,007","1,90,728","1,11,611","99.1%","83.2%","50.5%","97.8%","79,081","41.5%","23.8%","₹1,67,17,199","7.96","₹142.96","9,48,513"
"Byatarayanapura","3,26,788","3,24,286","2,47,453","1,72,205","1,68,796","1,10,246","99.2%","76.3%","69.6%","98.0%","58,518","34.7%","33.7%","₹1,73,87,578","8.48","₹148.43","10,12,272"
"Jogupalya","3,52,576","3,49,570","2,98,481","1,65,972","1,63,111","1,08,242","99.2%","85.4%","55.6%","98.3%","54,840","33.6%","30.7%","₹1,38,70,184","6.39","₹118.33","7,64,262"
"Hemmigepura","3,24,225","3,18,922","2,24,149","1,61,678","1,58,827","1,06,777","98.4%","70.3%","72.1%","98.2%","52,002","32.7%","32.9%","₹1,57,55,609","8.48","₹146.23","9,24,865"
"Babusab Palya","3,87,542","3,84,927","3,15,006","1,71,652","1,68,721","1,05,895","99.3%","81.8%","54.5%","98.3%","62,790","37.2%","27.3%","₹1,51,17,374","7.23","₹131.09","8,54,485"
"Kogilu","3,23,620","3,20,789","2,21,308","1,64,071","1,59,915","1,04,384","99.1%","69.0%","74.1%","97.5%","55,521","34.7%","32.3%","₹2,05,01,848","11.34","₹190.25","12,29,470"
"Konena Agrahara","3,98,931","3,95,259","3,35,826","1,62,443","1,59,894","1,02,850","99.1%","85.0%","48.4%","98.4%","57,016","35.7%","25.8%","₹1,52,86,571","8.17","₹146.20","8,59,142"
"Konanakunte","2,88,519","2,86,472","2,17,972","1,58,009","1,54,765","1,01,021","99.3%","76.1%","72.5%","97.9%","53,684","34.7%","35.0%","₹1,28,39,437","6.87","₹122.45","7,20,459"
"Sunkenahalli","2,66,613","2,64,632","2,07,272","1,51,687","1,48,854","1,00,920","99.3%","78.3%","73.2%","98.1%","47,886","32.2%","37.9%","₹1,21,27,955","6.41","₹114.38","6,86,467"
"Kadu Malleshwara","2,34,374","2,32,026","1,77,602","1,42,192","1,39,524","1,00,728","99.0%","76.5%","80.1%","98.1%","38,757","27.8%","43.0%","₹1,29,11,553","7.26","₹127.05","7,43,775"
"Subhash Nagar","3,12,008","3,08,910","2,15,494","1,63,133","1,60,185","96,108","99.0%","69.8%","75.7%","98.2%","64,030","40.0%","30.8%","₹1,52,44,495","8.63","₹153.30","8,65,902"
"Radhakrishna Temple Ward","2,35,760","2,34,113","1,81,242","1,42,398","1,38,698","94,980","99.3%","77.4%","78.6%","97.4%","43,684","31.5%","40.3%","₹1,30,95,032","7.40","₹130.61","7,49,821"
"Amrutahalli","2,90,243","2,88,253","2,21,378","1,44,297","1,41,512","90,988","99.3%","76.8%","65.2%","98.1%","50,503","35.7%","31.4%","₹1,44,84,899","8.49","₹149.11","8,40,939"
"Nagapura","2,24,785","2,22,670","1,57,606","1,34,768","1,32,094","90,419","99.1%","70.8%","85.5%","98.0%","41,635","31.5%","40.2%","₹1,13,69,271","6.80","₹120.42","6,47,417"
"Lingarajapura","2,47,617","2,46,121","2,06,967","1,34,855","1,33,228","89,020","99.4%","84.1%","65.2%","98.8%","44,176","33.2%","35.9%","₹1,10,30,167","6.22","₹115.48","6,11,475"
"Devasandra","3,28,961","3,26,957","2,69,416","1,53,505","1,51,453","88,876","99.4%","82.4%","57.0%","98.7%","62,507","41.3%","27.0%","₹1,44,25,616","7.70","₹139.96","7,93,244"
"Arakere","2,97,635","2,95,178","2,36,337","1,34,482","1,31,785","88,063","99.2%","80.1%","56.9%","98.0%","43,700","33.2%","29.6%","₹1,27,50,606","7.82","₹139.77","7,26,830"
"Bilekhalli","3,41,292","3,37,884","2,79,585","1,38,524","1,35,758","86,611","99.0%","82.7%","49.5%","98.0%","49,113","36.2%","25.4%","₹1,23,55,272","8.19","₹144.87","6,96,746"
"Lal Bahadur Nagar","2,98,439","2,96,273","2,33,434","1,30,990","1,28,841","85,453","99.3%","78.8%","56.1%","98.4%","43,354","33.7%","28.6%","₹1,17,87,280","7.19","₹129.90","6,63,330"
"Hombegowda Nagara","2,97,006","2,95,059","2,42,405","1,34,879","1,32,613","84,882","99.3%","82.2%","55.6%","98.3%","47,700","36.0%","28.6%","₹1,02,91,927","6.40","₹119.14","5,72,545"
"Sanjaya Nagar","2,32,325","2,30,554","1,73,003","1,26,576","1,23,907","84,364","99.2%","75.0%","73.2%","97.9%","39,515","31.9%","36.3%","₹1,19,50,621","7.31","₹130.66","6,90,457"
"Jalakanteshwara Nagara","3,41,355","3,38,254","2,85,154","1,27,964","1,26,460","84,108","99.1%","84.3%","44.9%","98.8%","42,323","33.5%","24.6%","₹1,23,21,916","8.16","₹146.14","6,90,292"
"Subramanya Nagar","2,27,183","2,24,956","1,67,526","1,34,840","1,32,053","84,018","99.0%","74.5%","80.5%","97.9%","47,975","36.3%","37.0%","₹1,16,20,465","7.33","₹130.39","6,58,156"
"A Narayanapura","3,80,520","3,78,236","2,97,503","1,50,915","1,48,604","83,641","99.4%","78.7%","50.7%","98.5%","64,929","43.7%","22.0%","₹1,29,60,687","7.84","₹144.20","7,24,832"
"Dharmaraya Swamy Temple Ward","3,66,440","3,64,066","2,97,903","1,56,645","1,54,173","81,338","99.4%","81.8%","52.6%","98.4%","72,800","47.2%","22.2%","₹1,17,91,632","8.25","₹144.28","6,77,451"
"Ganesh Mandir ward","1,94,825","1,93,315","1,48,871","1,17,351","1,15,021","81,053","99.2%","77.0%","78.8%","98.0%","33,945","29.5%","41.6%","₹92,25,801","6.34","₹114.06","5,18,193"
"Maruthi Seva Nagar","2,42,742","2,41,202","1,99,286","1,22,196","1,20,619","77,966","99.4%","82.6%","61.3%","98.7%","42,616","35.3%","32.1%","₹1,04,65,501","6.83","₹125.11","5,88,080"
"Yediyur","2,17,584","2,15,964","1,73,558","1,16,380","1,14,022","77,289","99.3%","80.4%","67.1%","98.0%","36,701","32.2%","35.5%","₹93,36,611","6.16","₹111.86","5,24,159"
"RBI layout","2,38,409","2,36,384","1,91,958","1,14,847","1,12,912","75,034","99.2%","81.2%","59.8%","98.3%","37,859","33.5%","31.5%","₹1,03,08,499","7.74","₹138.01","5,86,125"
"Basavanagudi","1,86,676","1,85,269","1,41,789","1,07,661","1,05,222","74,855","99.3%","76.5%","75.9%","97.7%","30,342","28.8%","40.1%","₹87,39,365","5.93","₹106.91","4,94,307"
"Ashoka Pillar","2,40,165","2,38,394","1,93,374","1,16,459","1,14,382","74,768","99.3%","81.1%","60.2%","98.2%","39,588","34.6%","31.1%","₹88,92,465","6.24","₹113.58","4,95,915"
"Shanthi Nagar","2,95,377","2,93,117","2,50,398","1,19,619","1,17,491","74,214","99.2%","85.4%","47.8%","98.2%","43,247","36.8%","25.1%","₹88,32,651","6.12","₹113.80","4,89,106"
"Hebbala","2,10,018","2,08,859","1,60,264","1,13,237","1,11,227","74,191","99.5%","76.7%","70.7%","98.2%","37,015","33.3%","35.3%","₹1,04,51,800","7.18","₹128.16","6,00,960"
"Jakkasandra","2,93,539","2,90,421","2,34,646","1,22,559","1,20,381","71,542","98.9%","80.8%","52.2%","98.2%","48,812","40.6%","24.4%","₹1,00,09,357","7.65","₹137.15","5,61,808"
"Vasanthpura","1,97,481","1,95,766","1,46,501","1,06,645","1,04,593","71,270","99.1%","74.8%","72.8%","98.1%","33,305","31.8%","36.1%","₹91,66,566","7.22","₹127.94","5,22,826"
"Chatrapati Shivaji","2,46,998","2,45,430","1,68,460","1,23,534","1,21,287","70,969","99.4%","68.6%","73.3%","98.2%","50,282","41.5%","28.7%","₹1,18,52,321","10.02","₹176.51","6,84,706"
"Ganga Nagar","1,88,574","1,87,413","1,43,991","1,05,956","1,03,887","70,862","99.4%","76.8%","73.6%","98.0%","33,000","31.8%","37.6%","₹91,41,119","6.67","₹120.88","5,17,686"
"Veeramadakari","2,20,637","2,19,153","1,62,699","1,11,091","1,08,624","70,763","99.3%","74.2%","68.3%","97.8%","37,831","34.8%","32.1%","₹93,32,952","7.09","₹125.90","5,37,835"
"Kodigehalli","1,96,145","1,94,961","1,49,308","1,07,883","1,05,725","70,564","99.4%","76.6%","72.3%","98.0%","35,140","33.2%","36.0%","₹1,02,30,486","7.60","₹133.63","5,93,640"
"Chunchaghatta","2,17,645","2,15,880","1,68,160","1,02,629","1,00,846","69,785","99.2%","77.9%","61.0%","98.3%","31,050","30.8%","32.1%","₹98,09,361","8.04","₹142.83","5,61,909"
"Girinagar","1,51,298","1,50,124","1,09,429","94,526","92,674","68,559","99.2%","72.9%","86.4%","98.0%","24,098","26.0%","45.3%","₹81,20,554","6.16","₹110.86","4,64,514"
"Vidyaranyapura","1,62,334","1,61,161","1,15,878","94,688","92,989","68,434","99.3%","71.9%","81.7%","98.2%","24,532","26.4%","42.2%","₹1,02,60,458","8.23","₹142.87","6,01,776"
"Puttenahalli - Sarakki Lake","2,07,078","2,05,166","1,62,436","1,05,664","1,03,627","68,322","99.1%","79.2%","65.0%","98.1%","35,287","34.1%","33.0%","₹89,25,759","6.89","₹124.26","5,02,544"
"Vijnana Nagar","2,84,810","2,82,184","2,36,325","1,02,203","1,00,939","67,616","99.1%","83.7%","43.3%","98.8%","33,306","33.0%","23.7%","₹1,04,84,765","8.31","₹148.27","5,91,561"
"Ramamurthy Nagara","2,32,429","2,31,146","1,81,021","1,02,245","1,00,972","66,479","99.5%","78.3%","56.5%","98.8%","34,467","34.1%","28.6%","₹93,19,066","7.22","₹130.58","5,26,973"
"Kacharkanahalli","1,91,730","1,90,608","1,51,235","1,00,993","99,607","65,419","99.4%","79.3%","66.8%","98.6%","34,157","34.3%","34.1%","₹83,39,738","6.79","₹123.42","4,68,312"
"New Bayappanahalli","2,54,107","2,52,254","2,09,679","1,08,901","1,07,300","65,408","99.3%","83.1%","51.9%","98.5%","41,874","39.0%","25.7%","₹88,28,102","6.72","₹121.67","4,95,902"
"Uttarahalli","1,86,490","1,85,055","1,40,087","98,160","95,735","65,255","99.2%","75.7%","70.1%","97.5%","30,463","31.8%","35.0%","₹83,20,142","7.63","₹135.69","4,73,598"
"Begur","2,65,563","2,63,194","2,09,042","1,06,436","1,04,409","65,013","99.1%","79.4%","50.9%","98.1%","39,383","37.7%","24.5%","₹1,08,98,601","9.51","₹165.47","6,32,169"
"Kaval Bairasandra","1,93,601","1,92,567","1,52,405","97,995","96,136","63,841","99.5%","79.1%","64.3%","98.1%","32,275","33.6%","33.0%","₹85,33,133","6.86","₹124.91","4,83,576"
"Malleswaram","1,66,854","1,65,380","1,22,220","93,842","91,944","63,512","99.1%","73.9%","76.8%","98.0%","28,406","30.9%","38.1%","₹76,87,376","6.73","₹120.55","4,36,550"
"Varthuru","4,02,250","3,90,539","3,24,590","1,05,265","1,03,606","62,888","97.1%","83.1%","32.4%","98.4%","40,705","39.3%","15.6%","₹1,29,61,411","10.96","₹190.49","7,59,723"
"Hagadur","2,78,239","2,74,893","2,17,235","1,04,341","1,02,653","62,887","98.8%","79.0%","48.0%","98.4%","39,751","38.7%","22.6%","₹1,11,27,797","8.77","₹153.23","6,43,245"
"Padmanabha Nagar","1,58,399","1,57,105","1,20,091","90,719","88,380","62,331","99.2%","76.4%","75.5%","97.4%","26,035","29.5%","39.4%","₹73,40,332","6.31","₹113.41","4,14,667"
"Chamrajapet","2,00,517","1,98,991","1,50,994","1,04,756","1,02,838","61,777","99.2%","75.9%","69.4%","98.2%","41,031","39.9%","30.8%","₹77,86,960","6.75","₹120.21","4,45,176"
"Umamaheshwara Ward","1,64,543","1,63,007","1,25,458","91,960","89,945","61,347","99.1%","77.0%","73.3%","97.8%","28,580","31.8%","37.3%","₹74,19,194","5.88","₹107.51","4,18,110"
"Yelahanka Satellite Town","1,69,746","1,68,473","1,20,260","96,807","95,135","61,324","99.3%","71.4%","80.5%","98.3%","33,788","35.5%","36.1%","₹98,08,967","8.69","₹149.50","5,77,463"
"Anjanapura","1,81,644","1,79,006","1,35,191","91,485","88,729","60,694","98.6%","75.5%","67.7%","97.0%","28,021","31.6%","33.4%","₹91,40,657","8.31","₹144.46","5,31,947"
"Jayachamarajendra  Nagar","1,67,767","1,66,630","1,30,339","90,839","89,181","60,216","99.3%","78.2%","69.7%","98.2%","28,949","32.5%","35.9%","₹78,87,322","6.65","₹120.71","4,47,086"
"Jayamahal","1,99,847","1,98,600","1,54,332","96,533","95,354","57,697","99.4%","77.7%","62.5%","98.8%","37,629","39.5%","28.9%","₹81,78,556","7.08","₹130.82","4,49,166"
"Shettihalli","1,72,369","1,70,961","1,21,801","87,975","86,145","56,658","99.2%","71.2%","72.2%","97.9%","29,465","34.2%","32.9%","₹76,92,274","7.57","₹131.12","4,50,388"
"Lakkasandra","2,44,683","2,42,974","2,02,937","96,480","94,954","56,502","99.3%","83.5%","47.5%","98.4%","38,431","40.5%","23.1%","₹73,61,671","6.97","₹126.23","4,13,147"
"Dattatreya Temple","1,39,810","1,38,323","1,04,347","81,795","80,384","56,306","98.9%","75.4%","78.4%","98.3%","24,051","29.9%","40.3%","₹70,92,611","6.58","₹118.04","4,04,266"
"Medahalli","2,10,416","2,08,912","1,60,872","89,864","88,720","56,103","99.3%","77.0%","55.9%","98.7%","32,596","36.7%","26.7%","₹95,02,663","8.86","₹157.11","5,52,030"
"K R Puram","2,46,849","2,45,151","1,81,931","96,758","95,586","55,788","99.3%","74.2%","53.2%","98.8%","39,775","41.6%","22.6%","₹87,30,663","8.15","₹144.68","5,01,154"
"Garudachar Playa","2,33,812","2,32,336","1,91,372","97,957","96,448","55,750","99.4%","82.4%","51.2%","98.5%","40,674","42.2%","23.8%","₹90,38,348","8.30","₹147.09","5,10,788"
"Katriguppe","1,36,402","1,35,253","1,00,769","81,074","79,166","55,446","99.2%","74.5%","80.5%","97.6%","23,701","29.9%","40.6%","₹64,75,234","6.52","₹117.47","3,66,779"
"Devarachikkanahalli","2,26,563","2,24,459","1,81,209","88,766","87,174","55,262","99.1%","80.7%","49.0%","98.2%","31,900","36.6%","24.4%","₹83,43,832","8.29","₹147.16","4,75,621"
"Kempegowda Ward","2,23,033","2,20,550","1,58,743","91,311","89,805","54,974","98.9%","72.0%","57.5%","98.4%","34,816","38.8%","24.6%","₹99,49,162","9.86","₹168.46","5,92,827"
"Neelasandra","2,20,700","2,19,466","1,87,313","90,231","88,979","54,805","99.4%","85.3%","48.2%","98.6%","34,144","38.4%","24.8%","₹64,63,739","5.83","₹110.57","3,52,007"
"Kumaraswamy Layout","1,43,853","1,42,737","1,05,455","82,322","80,684","54,590","99.2%","73.9%","78.1%","98.0%","26,080","32.3%","38.0%","₹63,71,132","6.39","₹114.23","3,58,192"
"Thanisandra","1,55,904","1,55,006","1,13,130","84,772","82,935","54,435","99.4%","73.0%","74.9%","97.8%","28,487","34.4%","34.9%","₹87,98,989","8.64","₹150.70","5,14,432"
"Attiguppe","1,22,277","1,21,113","83,123","74,314","72,200","52,845","99.1%","68.6%","89.4%","97.2%","19,332","26.8%","43.2%","₹64,67,725","6.97","₹123.87","3,69,824"
"Ramaswamy Palya","1,58,326","1,57,576","1,31,163","78,156","76,894","52,575","99.5%","83.2%","59.6%","98.4%","24,304","31.6%","33.2%","₹62,18,113","6.07","₹112.24","3,44,823"
"Sudham Nagara","2,07,651","2,06,119","1,68,626","88,531","86,990","51,838","99.3%","81.8%","52.5%","98.3%","35,118","40.4%","25.0%","₹71,47,733","7.44","₹132.63","4,06,732"
"Kanneshwara Rama","1,37,753","1,36,778","1,02,151","76,606","75,289","50,824","99.3%","74.7%","75.0%","98.3%","24,444","32.5%","36.9%","₹66,66,800","7.24","₹126.82","3,83,834"
"Gurappanapalya","2,19,358","2,17,350","1,75,884","97,073","95,401","50,729","99.1%","80.9%","55.2%","98.3%","44,650","46.8%","23.1%","₹65,98,625","6.94","₹126.23","3,66,661"
"Basavanapura","2,21,845","2,20,103","1,69,213","83,635","82,367","50,465","99.2%","76.9%","49.4%","98.5%","31,894","38.7%","22.8%","₹88,71,533","9.62","₹168.17","5,16,880"
"Kudlu","2,36,803","2,34,065","1,97,098","81,672","80,368","50,108","98.8%","84.2%","41.4%","98.4%","30,253","37.6%","21.2%","₹83,78,598","9.02","₹159.12","4,80,351"
"Sir M. Vishweshwaraiah","1,18,310","1,17,288","78,883","70,564","68,993","49,703","99.1%","67.3%","89.5%","97.8%","19,275","27.9%","42.0%","₹70,42,823","7.65","₹131.90","4,16,894"
"Mattikere","1,27,532","1,26,489","91,822","74,048","72,560","49,681","99.2%","72.6%","80.6%","98.0%","22,863","31.5%","39.0%","₹62,40,282","6.83","₹121.59","3,55,613"
"Someshwara Ward","1,35,715","1,34,750","93,900","74,919","73,572","49,328","99.3%","69.7%","79.8%","98.2%","24,230","32.9%","36.4%","₹86,45,725","9.86","₹167.44","5,16,119"
"Kuvempunagar","1,46,326","1,45,244","1,05,110","75,973","74,164","49,239","99.3%","72.4%","72.3%","97.6%","24,917","33.6%","33.7%","₹74,73,265","8.65","₹148.64","4,40,698"
"Someshwara Nagar","2,02,532","2,01,374","1,60,896","84,826","83,617","48,356","99.4%","79.9%","52.7%","98.6%","35,234","42.1%","23.9%","₹69,48,587","7.55","₹133.60","3,98,478"
"Nalvadi Krishnaraja Wadior Park","1,15,514","1,14,506","75,953","68,469","66,856","48,127","99.1%","66.3%","90.1%","97.6%","18,727","28.0%","41.7%","₹70,63,617","8.19","₹140.92","4,18,340"
"Vishwanath Nagenahalli","1,54,030","1,53,201","1,18,304","73,656","72,720","47,891","99.5%","77.2%","62.3%","98.7%","24,812","34.1%","31.1%","₹65,30,937","6.53","₹119.33","3,70,828"
"HAL Airport","2,11,250","2,09,175","1,69,890","75,050","74,006","47,030","99.0%","81.2%","44.2%","98.6%","26,966","36.4%","22.3%","₹74,94,305","8.55","₹151.55","4,28,553"
"Vikram Nagar","1,19,772","1,18,755","89,035","66,520","64,768","45,251","99.2%","75.0%","74.7%","97.4%","19,502","30.1%","37.8%","₹58,00,764","7.24","₹129.76","3,30,132"
"Dodda Bommasandra","1,33,094","1,32,125","96,560","68,415","67,164","44,788","99.3%","73.1%","70.9%","98.2%","22,363","33.3%","33.7%","₹64,00,370","8.04","₹140.80","3,73,067"
"Hanumanth Nagar","1,11,343","1,10,436","78,939","63,637","62,055","44,418","99.2%","71.5%","80.6%","97.5%","17,619","28.4%","39.9%","₹51,96,937","6.75","₹118.14","2,94,931"
"Rajamahal Guttahalli","1,17,569","1,16,512","90,080","64,358","63,260","44,403","99.1%","77.3%","71.5%","98.3%","18,841","29.8%","37.8%","₹53,86,551","6.30","₹113.90","3,04,299"
"Gottigere","1,22,130","1,21,067","86,790","66,013","64,702","44,306","99.1%","71.7%","76.1%","98.0%","20,384","31.5%","36.3%","₹69,70,268","9.04","₹155.56","4,05,976"
"Okalipuram","1,38,471","1,37,027","1,05,136","78,599","77,551","44,243","99.0%","76.7%","74.8%","98.7%","33,277","42.9%","31.9%","₹61,59,044","6.79","₹122.73","3,45,240"
"Bande Mutt","1,48,773","1,47,190","93,694","68,336","66,875","43,599","98.9%","63.7%","72.9%","97.9%","23,253","34.8%","29.3%","₹65,21,990","8.47","₹149.11","3,83,759"
"Hosakerehalli","1,17,622","1,16,813","85,572","69,348","67,711","43,458","99.3%","73.3%","81.0%","97.6%","24,243","35.8%","37.0%","₹55,69,815","7.32","₹129.03","3,21,161"
"Sriramamandir","1,03,115","1,02,017","73,067","62,026","60,894","43,222","98.9%","71.6%","84.9%","98.2%","17,655","29.0%","41.9%","₹54,02,455","6.58","₹117.45","3,11,932"
"Chokkasandra","1,51,979","1,51,264","1,15,735","74,256","73,111","43,081","99.5%","76.5%","64.2%","98.5%","30,011","41.0%","28.3%","₹43,69,042","5.01","₹96.47","2,37,432"
"Tilak Nagar","1,65,973","1,64,860","1,35,480","73,314","71,905","42,761","99.3%","82.2%","54.1%","98.1%","29,125","40.5%","25.8%","₹52,38,333","6.98","₹126.96","2,89,803"
"Manorayanapalya","1,38,726","1,37,934","1,05,934","67,224","65,761","42,741","99.4%","76.8%","63.5%","97.8%","23,005","35.0%","30.8%","₹57,69,512","7.13","₹128.85","3,26,215"
"Srinagar","1,00,697","99,704","70,561","59,450","58,086","41,921","99.0%","70.8%","84.3%","97.7%","16,144","27.8%","41.6%","₹50,44,899","6.68","₹118.81","2,89,196"
"Kengeri","1,08,258","1,07,446","68,375","57,488","56,271","39,618","99.3%","63.6%","84.1%","97.9%","16,645","29.6%","36.6%","₹61,05,084","8.40","₹144.76","3,62,715"
"Marappana Palya","1,18,135","1,17,071","75,583","62,138","60,885","39,411","99.1%","64.6%","82.2%","98.0%","21,463","35.3%","33.4%","₹50,33,661","6.87","₹122.99","2,87,228"
"Hampi Nagar","95,276","94,422","65,398","57,118","55,601","39,198","99.1%","69.3%","87.3%","97.3%","16,380","29.5%","41.1%","₹49,96,931","6.72","₹120.11","2,87,236"
"Ullal","99,172","98,336","64,672","56,247","54,815","39,147","99.2%","65.8%","87.0%","97.5%","15,658","28.6%","39.5%","₹61,39,405","9.60","₹162.23","3,67,154"
"Naganathapura","1,71,381","1,69,665","1,31,681","66,576","65,568","38,620","99.0%","77.6%","50.6%","98.5%","26,938","41.1%","22.5%","₹74,16,872","10.40","₹179.22","4,36,687"
"Kamakya Nagar","1,09,692","1,08,757","82,046","58,708","57,518","38,541","99.2%","75.4%","71.5%","98.0%","18,968","33.0%","35.1%","₹47,04,595","6.01","₹109.83","2,65,949"
"Mangammanapalya","1,54,378","1,52,837","1,22,653","67,435","66,180","38,343","99.0%","80.3%","55.0%","98.1%","27,818","42.0%","24.8%","₹57,73,897","7.84","₹140.92","3,25,690"
"Doddagollarahatti","98,783","97,839","61,840","54,233","53,145","38,065","99.0%","63.2%","87.7%","98.0%","15,069","28.3%","38.5%","₹61,48,958","9","₹151.89","3,69,997"
"T Dasarahalli","1,16,879","1,16,132","81,881","62,233","61,128","37,945","99.4%","70.5%","76.0%","98.2%","23,152","37.9%","32.5%","₹44,28,407","6.41","₹115.27","2,48,636"
"Vidyapeeta ward","98,218","97,305","72,769","57,004","55,960","37,832","99.1%","74.8%","78.3%","98.2%","18,111","32.4%","38.5%","₹44,05,252","6.19","₹112.18","2,47,727"
"Chamundi Nagara","1,09,038","1,08,468","82,395","56,986","56,063","37,616","99.5%","76.0%","69.2%","98.4%","18,434","32.9%","34.5%","₹46,34,638","5.79","₹108.06","2,58,432"
"Atturu Layout","1,06,263","1,05,338","71,258","55,686","54,548","37,150","99.1%","67.6%","78.1%","98.0%","17,385","31.9%","35.0%","₹62,54,460","9","₹169.54","3,72,076"
"J P Park","1,07,208","1,06,388","77,661","55,905","54,791","37,081","99.2%","73.0%","72.0%","98.0%","17,699","32.3%","34.6%","₹49,36,530","6.65","₹119.43","2,84,992"
"Nagarabhavi","87,574","86,839","60,510","52,907","51,678","36,747","99.2%","69.7%","87.4%","97.7%","14,920","28.9%","42.0%","₹50,50,626","7.73","₹134.74","2,95,639"
"Marenahalli","83,523","82,785","56,507","51,111","49,970","36,141","99.1%","68.3%","90.5%","97.8%","13,815","27.7%","43.3%","₹43,40,983","7.04","₹124.10","2,48,263"
"Dr. Raj Kumar Ward","89,477","88,660","61,954","52,508","51,412","35,829","99.1%","69.9%","84.8%","97.9%","15,561","30.3%","40.0%","₹45,10,924","7.15","₹126.07","2,57,641"
"Jaraganahalli","1,10,924","1,10,009","85,970","59,511","58,207","35,674","99.2%","78.1%","69.2%","97.8%","22,518","38.7%","32.2%","₹40,62,345","6.79","₹121.30","2,25,413"
"Chickpete","1,85,488","1,83,645","1,50,079","93,173","92,089","34,980","99.0%","81.7%","62.1%","98.8%","57,078","62.0%","18.9%","₹58,08,054","9.79","₹167.33","3,40,988"
"Gali Anjenaya Temple ward","1,04,178","1,03,308","65,657","55,007","54,258","34,405","99.2%","63.6%","83.8%","98.6%","19,834","36.5%","33.0%","₹50,59,895","8.23","₹144.08","2,88,389"
"Vannarapete","99,365","98,763","79,376","50,576","49,797","33,723","99.4%","80.4%","63.7%","98.5%","16,070","32.3%","33.9%","₹40,82,537","6.51","₹117.94","2,27,962"
"Kammanahalli","1,11,511","1,10,898","87,583","55,916","55,260","33,576","99.5%","79.0%","63.8%","98.8%","21,666","39.2%","30.1%","₹44,12,131","6.67","₹121.53","2,48,871"
"Defence Colony","1,13,502","1,12,831","80,837","56,497","55,754","33,207","99.4%","71.6%","69.9%","98.7%","22,522","40.4%","29.3%","₹38,57,800","6.09","₹111.03","2,17,101"
"Kushal Nagar","1,06,911","1,06,401","82,697","52,289","51,701","32,787","99.5%","77.7%","63.2%","98.9%","18,908","36.6%","30.7%","₹40,58,575","6.48","₹118.28","2,27,574"
"Rajaji Nagar","78,766","78,002","52,276","46,245","45,396","32,404","99.0%","67.0%","88.5%","98.2%","12,979","28.6%","41.1%","₹41,07,176","6.26","₹112.33","2,35,670"
"Bommanahalli","1,52,618","1,51,217","1,22,893","55,029","54,175","32,011","99.1%","81.3%","44.8%","98.4%","22,152","40.9%","21.0%","₹44,56,835","7.35","₹132.21","2,49,748"
"Vijinapura","1,25,088","1,24,310","95,925","52,300","51,728","31,626","99.4%","77.2%","54.5%","98.9%","20,092","38.8%","25.3%","₹45,21,821","7.46","₹134.92","2,55,491"
"Srinivasa Nagar","74,452","73,908","51,573","43,303","42,504","31,259","99.3%","69.8%","84.0%","98.2%","11,234","26.4%","42.0%","₹36,41,236","6.62","₹117.91","2,07,210"
"Agaram","1,40,342","1,39,281","1,13,197","52,499","51,730","31,096","99.2%","81.3%","46.4%","98.5%","20,624","39.9%","22.2%","₹41,44,647","7.01","₹127.39","2,29,317"
"Gayithri Nagar","77,922","77,120","52,814","44,397","43,591","31,052","99.0%","68.5%","84.1%","98.2%","12,526","28.7%","39.9%","₹37,14,235","6.33","₹114.27","2,11,782"
"Vijayanagara Krishnadevaraya","79,830","79,216","51,953","45,187","44,220","30,360","99.2%","65.6%","87.0%","97.9%","13,851","31.3%","38.0%","₹40,21,673","7.41","₹127.94","2,35,209"
"Kammagondanahalli","88,813","88,177","63,366","44,948","44,183","30,124","99.3%","71.9%","70.9%","98.3%","14,051","31.8%","33.9%","₹46,42,293","8.44","₹144.22","2,74,443"
"Veerabhadranagar","83,820","83,214","58,885","46,701","45,797","29,394","99.3%","70.8%","79.3%","98.1%","16,390","35.8%","35.1%","₹33,13,096","6.11","₹109.13","1,86,855"
"Bharathi Nagar","1,13,705","1,13,062","92,076","52,147","51,610","28,677","99.4%","81.4%","56.6%","99.0%","22,911","44.4%","25.2%","₹35,77,300","6.35","₹116.49","1,97,970"
"Yelachenahalli","92,064","91,284","68,402","48,782","47,953","28,465","99.2%","74.9%","71.3%","98.3%","19,475","40.6%","30.9%","₹35,43,903","6.32","₹115.22","1,99,914"
"Deen Dayalu Ward","86,800","86,185","60,896","45,429","44,423","28,289","99.3%","70.7%","74.6%","97.8%","16,127","36.3%","32.6%","₹34,87,579","7.42","₹131.25","1,98,272"
"Kadugondanahalli","94,784","94,377","71,903","46,635","45,936","28,083","99.6%","76.2%","64.9%","98.5%","17,837","38.8%","29.6%","₹34,74,646","6.17","₹113.46","1,93,981"
"Sagayarapuram","98,658","98,158","79,329","46,502","46,108","28,010","99.5%","80.8%","58.6%","99.2%","18,086","39.2%","28.4%","₹32,70,499","5.85","₹108.30","1,78,616"
"Chanakya","96,377","95,232","57,457","46,149","44,733","27,699","98.8%","60.3%","80.3%","96.9%","17,027","38.1%","28.7%","₹38,52,559","7.52","₹136.38","2,21,877"
"Shivanagara","64,174","63,577","43,741","38,676","37,977","27,691","99.1%","68.8%","88.4%","98.2%","10,269","27.0%","43.1%","₹33,83,414","6.63","₹117.86","1,93,984"
"Mahalakshimpuram","65,516","64,850","44,936","39,445","38,745","27,477","99.0%","69.3%","87.8%","98.2%","11,250","29.0%","41.9%","₹33,70,934","6.53","₹116.34","1,93,461"
"Basaveshwara Nagar","58,527","57,844","40,053","36,905","36,131","27,146","98.8%","69.2%","92.1%","97.9%","8,976","24.8%","46.4%","₹33,50,801","7.74","₹132.38","1,94,172"
"Vidyamanyanagar","75,939","75,319","48,394","40,083","38,827","26,581","99.2%","64.3%","82.8%","96.9%","12,238","31.5%","35.0%","₹42,53,108","8.98","₹151.45","2,55,355"
"Peenya","91,034","90,256","62,590","46,109","45,149","26,421","99.2%","69.3%","73.7%","97.9%","18,711","41.4%","29.0%","₹35,43,467","7.85","₹138.30","2,06,158"
"Chowdeswari Ward","90,118","88,903","60,275","42,773","41,720","26,194","98.7%","67.8%","71.0%","97.5%","15,518","37.2%","29.1%","₹53,13,533","11.42","₹193.13","3,22,290"
"Govindaraja Nagar","56,479","55,909","37,517","34,726","33,936","25,734","99.0%","67.1%","92.6%","97.7%","8,195","24.1%","45.6%","₹33,03,480","6.92","₹122.15","1,92,036"
"Maruthi Mandir ward","59,573","59,060","39,759","36,081","35,073","25,648","99.1%","67.3%","90.8%","97.2%","9,417","26.9%","43.0%","₹33,53,990","7.65","₹133.05","1,94,119"
"Kamakshipalya","57,410","56,844","38,391","35,243","34,658","25,365","99.0%","67.5%","91.8%","98.3%","9,284","26.8%","44.2%","₹32,63,544","6.98","₹124.77","1,89,598"
"Avalahalli","67,045","66,451","46,911","38,773","37,890","24,789","99.1%","70.6%","82.7%","97.7%","13,090","34.5%","37.0%","₹33,15,008","7.50","₹132.55","1,89,999"
"Banashankari Temple ward","85,840","85,171","60,417","42,008","41,326","24,423","99.2%","70.9%","69.5%","98.4%","16,888","40.9%","28.4%","₹25,98,862","5.61","₹103.27","1,41,898"
"Kadugodi","1,14,762","1,13,298","84,957","40,959","40,210","24,200","98.7%","75.0%","48.2%","98.2%","16,001","39.8%","21.1%","₹45,37,344","8.91","₹155.22","2,67,519"
"Bagalakunte","80,540","80,086","53,963","37,043","36,470","23,104","99.4%","67.4%","68.7%","98.5%","13,344","36.6%","28.7%","₹30,01,387","6.12","₹112.39","1,73,032"
"Hosahalli","55,891","55,379","38,890","33,599","32,751","22,777","99.1%","70.2%","86.4%","97.5%","9,970","30.4%","40.8%","₹28,91,049","6.70","₹118.29","1,67,216"
"Shankar Matt","53,607","53,055","36,312","32,452","31,755","22,594","99.0%","68.4%","89.4%","97.9%","9,155","28.8%","42.1%","₹27,47,829","6.50","₹114.19","1,58,582"
"Nelagadderanahalli","70,269","69,751","52,684","33,633","33,005","20,820","99.3%","75.5%","63.8%","98.1%","12,173","36.9%","29.6%","₹27,89,659","7.24","₹125.97","1,62,660"
"Dodda Bidarakallu","75,747","75,035","49,346","34,318","33,515","20,643","99.1%","65.8%","69.5%","97.7%","12,864","38.4%","27.3%","₹33,25,375","8.39","₹144.62","1,98,915"
"Vijayanagar","54,745","54,304","37,527","30,855","30,132","20,474","99.2%","69.1%","82.2%","97.7%","9,645","32.0%","37.4%","₹22,56,693","5.67","₹102.67","1,26,023"
"Prakash Nagar","50,760","50,320","34,779","29,499","28,934","19,727","99.1%","69.1%","84.8%","98.1%","9,197","31.8%","38.9%","₹23,17,255","6.67","₹117.97","1,31,028"
"Shakthi Ganapathi Nagar","45,353","44,976","30,181","27,389","26,831","19,527","99.2%","67.1%","90.8%","98.0%","7,288","27.2%","43.1%","₹24,48,766","6.77","₹119.28","1,42,028"
"Chandra Layout","50,247","49,912","34,372","28,748","28,165","19,187","99.3%","68.9%","83.6%","98.0%","8,972","31.9%","38.2%","₹24,56,871","7.12","₹124.05","1,41,833"
"Herohalli","47,952","47,600","29,755","26,798","26,192","18,276","99.3%","62.5%","90.1%","97.7%","7,916","30.2%","38.1%","₹27,24,334","9.70","₹162.35","1,62,105"
"Agrahara Dasarahalli","43,027","42,536","27,331","25,002","24,554","18,053","98.9%","64.3%","91.5%","98.2%","6,496","26.5%","42.0%","₹24,01,294","7.51","₹127.94","1,39,769"
"Puneet Rajkumar","45,863","45,416","30,747","26,816","26,265","18,033","99.0%","67.7%","87.2%","97.9%","8,224","31.3%","39.3%","₹21,48,483","6.30","₹112.20","1,23,322"
"Nandini Layout","44,061","43,724","30,100","26,165","25,692","17,747","99.2%","68.8%","86.9%","98.2%","7,935","30.9%","40.3%","₹22,03,322","7.98","₹136.49","1,27,506"
"Binnipete","59,606","59,100","43,772","30,868","30,446","17,157","99.2%","74.1%","70.5%","98.6%","13,280","43.6%","28.8%","₹21,73,390","6.03","₹109.08","1,24,006"
"Nagavara","68,797","68,313","48,922","29,950","29,541","17,006","99.3%","71.6%","61.2%","98.6%","12,528","42.4%","24.7%","₹21,28,376","6.27","₹115.24","1,18,358"
"Rajagopal Nagar","49,249","48,787","35,227","25,452","24,943","16,453","99.1%","72.2%","72.3%","98.0%","8,483","34.0%","33.4%","₹21,43,115","6.57","₹116.78","1,24,679"
"Ranadheera Kanteerava","46,845","46,412","30,623","25,551","24,906","16,164","99.1%","66.0%","83.4%","97.5%","8,733","35.1%","34.5%","₹19,33,328","6.37","₹112.10","1,11,080"
"Hongasandra","66,045","65,467","52,043","27,198","26,768","15,798","99.1%","79.5%","52.3%","98.4%","10,964","41.0%","23.9%","₹23,11,899","7.83","₹141.91","1,31,471"
"Cottonpete","67,650","66,994","50,956","32,826","32,405","15,118","99.0%","76.1%","64.4%","98.7%","17,281","53.3%","22.4%","₹20,35,209","6.58","₹118.78","1,17,399"
"Dayananda Nagar","35,860","35,491","25,987","20,503","20,224","13,486","99.0%","73.2%","78.9%","98.6%","6,736","33.3%","37.6%","₹14,87,424","5.72","₹103.47","83,810"
"Mudalapalya","34,182","33,913","21,506","19,335","18,953","12,984","99.2%","63.4%","89.9%","98.0%","5,964","31.5%","38.0%","₹16,22,413","5.85","₹105.07","93,384"
"Nayandahalli","41,688","41,360","27,115","20,901","20,511","12,926","99.2%","65.6%","77.1%","98.1%","7,576","36.9%","31.0%","₹18,26,005","9.05","₹160.09","1,05,622"
"Venkateshpura","53,359","53,147","41,072","23,750","23,529","12,897","99.6%","77.3%","57.8%","99.1%","10,623","45.1%","24.2%","₹14,53,487","6.19","₹112.54","79,501"
"Azad Nagar","39,763","39,483","28,953","21,302","20,954","12,675","99.3%","73.3%","73.6%","98.4%","8,270","39.5%","31.9%","₹15,32,784","7.01","₹125.33","87,562"
"Jai Maruthinagara","33,022","32,752","22,329","19,042","18,500","12,151","99.2%","68.2%","85.3%","97.2%","6,338","34.3%","36.8%","₹13,97,378","5.52","₹100.04","79,844"
"Sunkadakatte","34,069","33,799","21,816","18,322","17,930","11,471","99.2%","64.5%","84.0%","97.9%","6,451","36.0%","33.7%","₹14,85,675","7","₹138.03","85,935"
"Mallasandra","35,455","35,213","25,485","17,802","17,359","11,329","99.3%","72.4%","69.8%","97.5%","6,028","34.7%","31.9%","₹13,98,636","6.89","₹121.69","80,245"
"Veera Sindhura Lakshamana","33,045","32,761","21,258","17,405","17,019","11,116","99.1%","64.9%","81.9%","97.8%","5,900","34.7%","33.6%","₹13,59,938","6.11","₹109.98","78,414"
"Kaveripura","28,034","27,744","18,644","15,486","15,239","9,824","99.0%","67.2%","83.1%","98.4%","5,412","35.5%","35.0%","₹13,13,810","7.12","₹123.67","76,749"
"Hegganahalli","29,838","29,557","19,390","15,783","15,383","9,628","99.1%","65.6%","81.4%","97.5%","5,750","37.4%","32.3%","₹12,61,951","8.58","₹149.67","73,342"
"Vrisabhavathi Nagar","27,199","26,940","17,322","14,909","14,631","9,475","99.1%","64.3%","86.1%","98.1%","5,149","35.2%","34.8%","₹11,45,896","6.27","₹110.72","65,907"
"Rajeshwari Nagar","28,779","28,581","18,659","14,870","14,391","9,020","99.3%","65.3%","79.7%","96.8%","5,365","37.3%","31.3%","₹10,82,889","6.25","₹112","62,331"
"Muneshwara Nagar","34,615","34,416","25,294","15,178","15,016","8,025","99.4%","73.5%","60.0%","98.9%","6,985","46.5%","23.2%","₹9,67,405","6.62","₹122.02","53,837"
"Jagajivanaram Nagar","26,740","26,526","19,388","13,672","13,471","6,957","99.2%","73.1%","70.5%","98.5%","6,512","48.3%","26.0%","₹9,32,470","9.07","₹155.48","53,891"
"Lakshmi Devi Nagar","19,623","19,467","12,660","10,597","10,356","6,580","99.2%","65.0%","83.7%","97.7%","3,774","36.4%","33.5%","₹7,84,021","7.66","₹133.48","44,959"
"S K Garden","28,317","28,182","21,614","11,877","11,800","6,492","99.5%","76.7%","54.9%","99.4%","5,305","45.0%","22.9%","₹8,17,438","7.25","₹132.63","45,511"
"Chalavadipalya","23,758","23,618","17,271","11,491","11,350","6,328","99.4%","73.1%","66.5%","98.8%","5,013","44.2%","26.6%","₹8,14,489","6.59","₹121.66","46,499"
"Padarayanapura","20,946","20,772","14,648","10,189","9,934","5,098","99.2%","70.5%","69.6%","97.5%","4,830","48.6%","24.3%","₹7,11,850","8.93","₹157.83","40,182"
"Bapuji Nagar","18,887","18,768","12,466","9,740","9,629","5,074","99.4%","66.4%","78.1%","98.9%","4,552","47.3%","26.9%","₹6,34,454","6.99","₹128.51","36,059"
"Kempapura Agrahara","16,628","16,463","11,059","8,049","7,934","4,452","99.0%","67.2%","72.8%","98.6%","3,479","43.9%","26.8%","₹5,20,021","6.26","₹112.07","29,348"
"Devaraj Urs Nagar","17,831","17,746","12,387","8,865","8,724","4,040","99.5%","69.8%","71.6%","98.4%","4,683","53.7%","22.7%","₹5,07,415","5.45","₹97.72","28,547"
"Devara Jeevanahalli","9,611","9,548","7,245","3,770","3,730","1,407","99.3%","75.9%","52.0%","98.9%","2,323","62.3%","14.6%","₹1,90,579","5.90","₹114","10,687"
"Bangalore Total","6,73,34,064","6,64,43,051","5,29,16,372","3,00,17,755","2,94,53,513","1,86,28,581","98.7%","79.6%","56.7%","98.1%","1,08,17,296","36.7%","27.7%","₹2,67,99,10,491","8.16","₹143.86","15,20,07,679"